Comment,Description,Designator,Footprint,LibRef,Quantity

"L_AUX","1206, Blue Typ.(@20mA): 470nm, 145mcd, 3.2V, 140° InGaN","AUX1","WL-SMCW_1206","WL-SMCW_1206","1"
"10uF/25V","cap 0603 (1608 Metric)","C1, C2, C7","CAPC1608X94N","cap_0603_VJ0603D3R9DXCAP","3"
"0.1uF","cap 0603 (1608 Metric)","C3, C5, C8, C9, C11, C15, C16, C17, C19, C23, C25","CAPC1608X94N","cap_0603_VJ0603D3R9DXCAP","11"
"4.7uF","cap 0603 (1608 Metric)","C4","CAPC1608X94N","cap_0603_VJ0603D3R9DXCAP","1"
"1uF","cap 0603 (1608 Metric)","C6, C10, C13","CAPC1608X94N","cap_0603_VJ0603D3R9DXCAP","3"
"22nF","cap 0603 (1608 Metric)","C12","CAPC1608X94N","cap_0603_VJ0603D3R9DXCAP","1"
"10uF","cap 0603 (1608 Metric)","C14, C20","CAPC1608X94N","cap_0603_VJ0603D3R9DXCAP","2"
"22pF","cap 0603 (1608 Metric)","C18, C21","CAPC1608X94N","cap_0603_VJ0603D3R9DXCAP","2"
"100pF","cap 0603 (1608 Metric)","C22, C24, C26, C27","CAPC1608X94N","cap_0603_VJ0603D3R9DXCAP","4"
"B340A-E3/61T","Diode Schottky 40 V 3A Surface Mount DO-214AC (SMA)","D1","DIOM5126X229N","B340A-E3/61T","1"
"SMBJ12CA","","D2, D3, D5, D6, D8, D9","DIOM4336X265N","SMBJ10CA-13-F","6"
"SM712-02HTG","TVS Diode, SM712 Series, 31V Clamp, 600W Peak Pulse, Surface Mount, SOT23-3 | Littelfuse SM712-02HTG","D4, D7","SOT23","SM712-02HTG","2"
"Fuse Thermal","Fuse, Resettable, Fast Acting, 10A, Sz 1206, 0.134x0.071x0.033"", SMT, 24VDC, PCB | Bourns MF-NSMF200-2","F1, F2, F3, F4","Fuse_thermal","Fuse Thermal","4"
"TypeC_12pin_12402012E212A","USB2.0, Type C, Top mount, CH 1.68mm, Dual Row SMT","J1","TypeC_12pin_12402012E212A","TypeC_12pin_12402012E212A","1"
"82_SMA-50-0-41/133_NE","RF Connectors / Coaxial Connectors, Straight Pcb Jack | HUBER+SUHNER 82_SMA-50-0-41/133_NE","J2","HUBER+SUHNER_82_SMA-50-0-41/133_NE","82_SMA-50-0-41/133_NE","1"
"TBP02R1-381-04BE","2~24 Poles, Pluggable,Receptacle, Horizontal, 3.81 Pitch, Terminal Block Connector","J3","CUI_TBP02R1-381-04BE","TBP02R1-381-04BE","1"
"TBP02R1-381-03BE","2~24 Poles, Pluggable,Receptacle, Horizontal, 3.81 Pitch, Terminal Block Connector","J5, J6","CUI_TBP02R1-381-03BE","TBP02R1-381-03BE","2"
"","RASPBERRY_INTERFACE","J7","GPIO_INTERFACE","RASPBERRY_INTERFACE","1"
"395111010","Pluggable Terminal Blocks 3.81MM EURO HEADER V EADER VERT BLK 10CKT","J8, J10","CONN_SD-39511-001_10P_MOL","395111010","2"
"TBP02R1-381-10BE","2–24 полюса, подключаемые, с розеткой, горизонтальные, с шагом 3,81, клеммная колодка","J9, J11","CUI_TBP02R1-381-10BE","TBP02R1-381-10BE","2"
"L_PWR","1206, Blue Typ.(@20mA): 470nm, 145mcd, 3.2V, 140° InGaN","L_PWR1","WL-SMCW_1206","WL-SMCW_1206","1"
"L_RXD","1206, Blue Typ.(@20mA): 470nm, 145mcd, 3.2V, 140° InGaN","L_RXD1","WL-SMCW_1206","WL-SMCW_1206","1"
"L_TXD","1206, Blue Typ.(@20mA): 470nm, 145mcd, 3.2V, 140° InGaN","L_TXD1","WL-SMCW_1206","WL-SMCW_1206","1"
"Header 4X2","Header, 4-Pin, Dual row","P1","HDR2X4","Header 4X2","1"
"Header 2X2","Header, 2-Pin, Dual row","P2","HDR2X2","Header 2X2","1"
"Header 3","Header, 3-Pin","P3, P4, P5, P6, P7, P8, P9, P10, P11, P12","HDR1X3","Header 3","10"
"Header 9","Header, 9-Pin","P13","HDR1X9","Header 9","1"
"B0505LS-1WR3","1W DC/DC-Converter 'ECONOLINE' SIP7 1kV unreg","PS1","CONV_RFB-0505S","B0505LS-1WR3","1"
"MMBT3904","BJT, SOT-23, 40V, 200mA, NPN, 0.35W, 150°C","Q1, Q2","TRANS_MMBT3904","MMBT3904","2"
"5K1","0603 Anti-Sulfurated","R1, R2","RES_ERJU03J474V","res_0603_ERJU03J474V","2"
"4K7","0603 Anti-Sulfurated","R3","RES_ERJU03J474V","res_0603_ERJU03J474V","1"
"10K","0603 Anti-Sulfurated","R4, R9, R10, R30, R36, R38, R41, R42","RES_ERJU03J474V","res_0603_ERJU03J474V","8"
"1K","0603 Anti-Sulfurated","R5, R6, R7, R8, R17, R18, R19, R20, R21, R28, R29, R34, R39","RES_ERJU03J474V","res_0603_ERJU03J474V","13"
"3K3","0603 Anti-Sulfurated","R11, R12, R13, R14","RES_ERJU03J474V","res_0603_ERJU03J474V","4"
"0R","0603 Anti-Sulfurated","R15","RES_ERJU03J474V","res_0603_ERJU03J474V","1"
"NC","0603 Anti-Sulfurated","R16, R22, R23","RES_ERJU03J474V","res_0603_ERJU03J474V","3"
"4.7K","0603 Anti-Sulfurated","R24, R25, R31, R32, R33, R37","RES_ERJU03J474V","res_0603_ERJU03J474V","6"
"200R","0603 Anti-Sulfurated","R26, R27","RES_ERJU03J474V","res_0603_ERJU03J474V","2"
"120R","0603 Anti-Sulfurated","R35, R40","RES_ERJU03J474V","res_0603_ERJU03J474V","2"
"L_PWR1","1206, Blue Typ.(@20mA): 470nm, 145mcd, 3.2V, 140° InGaN","RS_PWR1","WL-SMCW_1206","WL-SMCW_1206","1"
"L_RXD1","1206, Blue Typ.(@20mA): 470nm, 145mcd, 3.2V, 140° InGaN","RS_RXD1","WL-SMCW_1206","WL-SMCW_1206","1"
"L_RXD2","1206, Blue Typ.(@20mA): 470nm, 145mcd, 3.2V, 140° InGaN","RS_RXD2","WL-SMCW_1206","WL-SMCW_1206","1"
"L_TXD1","1206, Blue Typ.(@20mA): 470nm, 145mcd, 3.2V, 140° InGaN","RS_TXD1","WL-SMCW_1206","WL-SMCW_1206","1"
"L_TXD2","1206, Blue Typ.(@20mA): 470nm, 145mcd, 3.2V, 140° InGaN","RS_TXD2","WL-SMCW_1206","WL-SMCW_1206","1"
"INTERFACE-CP2102-GMR(QFN28)","USB Bridge, USB to UART USB 2.0 UART Interface 28-QFN (5x5)","U1","QFN28G_0.5-5X5MM","INTERFACE-CP2102-GMR(QFN28)","1"
"E32-433T20S","Wireless serial port module (UART)","U2","MODULE_E32-433T20S","E32-433T20S","1"
"74HC125D","Description","U3","SOT108-1_NEX","74HC125D","1"
"RT9193-33GB","Linear Voltage Regulator IC Positive Fixed 1 Output  300mA SOT-23-5","U4","SOT23-5_TEXAS_INSTRUMETNS","RT9193-33GB","1"
"SC16IS752IPW,128","RS232, RS485 Controller - I²C, SPI, UART Interface 28-TSSOP","U5","SOP65P640X110-28N","SC16IS752IPW,128","1"
"ADUM1412ARWZ","Quad-Channel Digital Isolator","U6","SOIC127P1032X265-16N","ADUM1412ARWZ","1"
"EL817(S1)(C)(TU)-VG","Optoisolator Transistor Output 5000Vrms 1 Channel 4-SMD","U7, U8","SOIC254P1030X390-4N_EL817(S1)(C)(TU)-VG","EL817(S1)(C)(TU)-VG","2"
"SP3485EN-L","1/1 Transceiver Half RS422, RS485 8-SOIC","U9, U10","SOIC127P599X175-8N","SP3485EN-L","2"
"14.7456MHz","Crystal For all Crystal 2pin.","Y1","CRY_HC_49_S","Thach anh","1"
